Track URI,Track Name,Album Name,Artist Name(s),Release Date,Duration (ms),Popularity,Explicit,Added By,Added At,Genres,Record Label,Danceability,Energy,Key,Loudness,Mode,Speechiness,Acousticness,Instrumentalness,Liveness,Valence,Tempo,Time Signature
spotify:track:5oQcOu1omDykbIPSdSQQNJ,"1985","A Hangover You Don't Deserve","Bowling For Soup",2004,193000,71,false,22vuuczgj6fzhb3ahyope7ozq,2022-05-22T20:13:30Z,"pop punk,punk","Jive",0.606,0.887,4,-4.404,1,0.0598,0.000242,0,0.337,0.903,119.974,4
spotify:track:3imITUqEhkebNbOoS1yrWm,"All I Want","What Separates Me From You","A Day To Remember",2010,202640,1,false,22vuuczgj6fzhb3ahyope7ozq,2022-05-22T20:14:20Z,"metalcore,post-hardcore,pop punk,screamo,emo","Victory",0.342,0.981,2,-3.228,0,0.14,0.0000253,0,0.343,0.207,160.083,4
spotify:track:2OB5VvojYUeXLc4y4GDXdp,"We Come Running","Wake Up (Spotify Version)","Youngblood Hawke",2013-01-01,247506,0,false,22vuuczgj6fzhb3ahyope7ozq,2022-05-22T20:14:46Z,"","Universal Music Group",0.556,0.748,10,-7.012,1,0.0405,0.000283,0.00417,0.109,0.325,124.973,4
spotify:track:0THbsvMRmCHpFT3YLX301c,"Hey There Delilah","All That We Needed","Plain White T's",2005,232813,0,false,22vuuczgj6fzhb3ahyope7ozq,2022-05-22T20:15:06Z,"","Fearless Records - Catalog",0.658,0.296,2,-10.584,1,0.0293,0.872,0,0.114,0.311,103.975,4
spotify:track:3mcG2NI5G5vhrQtRda1YnA,"The Middle","Bleed American (Deluxe Edition)","Jimmy Eat World",2001,168253,4,false,22vuuczgj6fzhb3ahyope7ozq,2022-05-22T20:15:16Z,"emo,pop punk","Interscope",0.629,0.897,2,-3.401,1,0.0483,0.0424,0,0.263,0.93,161.944,4
spotify:track:1JdKrFyoU05abww0Zv0ayQ,"That's What You Get","Riot!","Paramore",2007-06-12,220480,70,false,22vuuczgj6fzhb3ahyope7ozq,2022-05-22T20:15:24Z,"pop punk,emo","Fueled By Ramen",0.528,0.831,8,-3.607,1,0.0429,0.0000943,0,0.141,0.632,131.094,3
spotify:track:2Fn3coxd0xAZ09JtrgcgHa,"Middle","Middle","DJ Snake;Bipolar Sunshine",2015-10-16,220573,0,false,22vuuczgj6fzhb3ahyope7ozq,2022-05-22T20:16:03Z,"","Universal Music Group",0.604,0.745,9,-4.103,1,0.0385,0.0161,0,0.0542,0.205,104.941,4
spotify:track:6SRMpCmXRkpdF9fTxHUd0w,"We Got This","Bad Vibrations (Deluxe Edition)","A Day To Remember",2016-09-02,229400,41,false,22vuuczgj6fzhb3ahyope7ozq,2022-05-22T20:16:23Z,"metalcore,post-hardcore,pop punk,screamo,emo","ADTR Records",0.365,0.972,10,-4.461,1,0.136,0.000308,0,0.221,0.291,135.045,4
spotify:track:2RgUp8wGi8bpELvHJpRDWD,"Naivety","Bad Vibrations (Deluxe Edition)","A Day To Remember",2016-09-02,199390,41,false,22vuuczgj6fzhb3ahyope7ozq,2022-05-22T20:16:30Z,"metalcore,post-hardcore,pop punk,screamo,emo","ADTR Records",0.351,0.979,0,-3.621,1,0.132,0.000124,0.00000346,0.255,0.333,174.734,4
spotify:track:5uCax9HTNlzGybIStD3vDh,"Say You Won't Let Go","Back from the Edge","James Arthur",2016-10-28,211477,86,false,22vuuczgj6fzhb3ahyope7ozq,2022-05-22T20:16:41Z,"soft pop","Columbia",0.358,0.557,10,-7.398,1,0.059,0.695,0,0.0902,0.494,85.043,4
spotify:track:4YUdFh3ygFsdbDW28DV0xz,"Floral & Fading","Misadventures","Pierce The Veil",2016-05-13,209186,0,true,22vuuczgj6fzhb3ahyope7ozq,2022-05-22T20:16:53Z,"emo,screamo,post-hardcore","Fearless Records",0.653,0.793,2,-3.755,1,0.0251,0.00113,0,0.388,0.765,99.988,4
spotify:track:1wC93sZRGcTgKLN2UWRSwW,"Perfect Places","Melodrama","Lorde",2017-06-16,221874,0,true,22vuuczgj6fzhb3ahyope7ozq,2022-05-22T20:17:37Z,"","Universal Music Group",0.621,0.574,1,-5.325,0,0.0555,0.00289,0.0000304,0.128,0.537,104.344,4
spotify:track:3eR23VReFzcdmS7TYCrhCe,"It Ain't Me (with Selena Gomez)","It Ain't Me (with Selena Gomez)","Kygo;Selena Gomez",2017-02-16,220780,78,false,22vuuczgj6fzhb3ahyope7ozq,2022-05-22T20:17:52Z,"tropical house","Kygo",0.64,0.533,0,-6.596,1,0.0706,0.119,0,0.0864,0.515,99.968,4
spotify:track:5WkPWduQVV8fh7pppm1fqg,"LOVE. FEAT. ZACARI.","DAMN.","Kendrick Lamar;Zacari",2017-04-14,213400,0,true,22vuuczgj6fzhb3ahyope7ozq,2022-05-22T20:18:03Z,"hip hop,west coast hip hop","Universal Music Group",0.801,0.58,10,-7.311,1,0.1,0.289,0,0.153,0.777,126.062,4
spotify:track:4cGeMgLcykDLAazHFpbZbU,"DNA.","DAMN.","Kendrick Lamar",2017-04-14,185946,1,true,22vuuczgj6fzhb3ahyope7ozq,2022-05-22T20:18:17Z,"hip hop,west coast hip hop","Universal Music Group",0.636,0.517,0,-6.759,1,0.36,0.00402,0,0.0874,0.394,139.928,4
spotify:track:0jdny0dhgjUwoIp5GkqEaA,"Praying","Rainbow","Kesha",2017-08-11,230269,68,false,22vuuczgj6fzhb3ahyope7ozq,2022-05-22T20:19:46Z,"","Kemosabe Records/RCA Records",0.543,0.39,10,-7.202,1,0.0322,0.489,0,0.111,0.303,73.415,4
spotify:track:7vGuf3Y35N4wmASOKLUVVU,"Silence","Silence","Marshmello;Khalid",2017-08-11,180822,79,false,22vuuczgj6fzhb3ahyope7ozq,2022-05-22T20:20:56Z,"edm","Joytime Collective/RCA Records",0.52,0.761,4,-3.093,1,0.0853,0.256,0.00000496,0.17,0.286,141.971,4
spotify:track:1g1TeDflB6atAy7HKwrzXu,"Learn To Let Go","Rainbow","Kesha",2017-08-11,217545,47,false,22vuuczgj6fzhb3ahyope7ozq,2022-05-22T20:21:08Z,"","Kemosabe Records/RCA Records",0.515,0.847,5,-2.951,1,0.0391,0.00369,0.0000719,0.293,0.645,168.105,4
spotify:track:33i0KOPBWURNW3l97a4QPy,"Alright","To Pimp A Butterfly","Kendrick Lamar",2015-03-16,219333,0,true,22vuuczgj6fzhb3ahyope7ozq,2022-05-22T20:21:20Z,"hip hop,west coast hip hop","Universal Music Group",0.796,0.766,7,-5.974,1,0.238,0.0742,0,0.0827,0.558,110.034,4
spotify:track:1vffte5WTHIik37ePfJdo4,"King Kunta","To Pimp A Butterfly","Kendrick Lamar",2015-03-16,234693,1,true,22vuuczgj6fzhb3ahyope7ozq,2022-05-22T20:21:25Z,"hip hop,west coast hip hop","Universal Music Group",0.884,0.657,6,-4.569,0,0.0977,0.00589,0,0.154,0.489,107.059,4
spotify:track:7cQMJ0wDqVS5iM0JIvP6Ay,"The Last Of The Real Ones","The Last Of The Real Ones","Fall Out Boy",2017-09-14,230426,0,false,22vuuczgj6fzhb3ahyope7ozq,2022-05-22T20:22:10Z,"emo,pop punk","Island Records",0.577,0.882,8,-5.224,1,0.0492,0.00527,0,0.257,0.564,115.022,4
spotify:track:19YmvsVCetCBeVj6O2mljR,"Still Breathing","Revolution Radio","Green Day",2016-10-07,224760,62,false,22vuuczgj6fzhb3ahyope7ozq,2022-05-22T20:22:15Z,"punk,pop punk","Reprise",0.54,0.902,1,-3.577,1,0.0442,0.0142,0,0.0756,0.692,75.033,4
spotify:track:23oxJmDc1V9uLUSmN2LIvx,"Ocean Avenue","Ocean Avenue","Yellowcard",2003-01-01,198266,73,false,22vuuczgj6fzhb3ahyope7ozq,2022-05-22T20:22:23Z,"pop punk,punk,emo","Capitol Records",0.486,0.904,6,-3.751,0,0.0638,0.0000343,0.0000283,0.0947,0.786,173.734,4
spotify:track:5bgwqaRSS3M8WHWruHgSL5,"8TEEN","American Teen","Khalid",2017-04-27,228593,72,false,22vuuczgj6fzhb3ahyope7ozq,2022-05-22T20:22:38Z,"","Right Hand Music Group, LLC/RCA Records",0.83,0.585,1,-5.802,1,0.0366,0.225,0.00209,0.0576,0.642,105.03,4
spotify:track:5Z3GHaZ6ec9bsiI5BenrbY,"Young Dumb & Broke","American Teen","Khalid",2017-04-27,202534,82,false,22vuuczgj6fzhb3ahyope7ozq,2022-05-22T20:22:46Z,"","Right Hand Music Group, LLC/RCA Records",0.799,0.539,1,-6.351,1,0.0421,0.199,0.0000166,0.165,0.394,136.948,4
spotify:track:312WNtMs3F28cUukaPY9bo,"American Teen","American Teen","Khalid",2017-04-27,250758,60,false,22vuuczgj6fzhb3ahyope7ozq,2022-05-22T20:22:51Z,"","Right Hand Music Group, LLC/RCA Records",0.658,0.623,0,-6.934,1,0.0398,0.0683,0,0.321,0.207,100.436,4
spotify:track:152lZdxL1OR0ZMW6KquMif,"Location","American Teen","Khalid",2017-04-27,219080,77,false,22vuuczgj6fzhb3ahyope7ozq,2022-05-22T20:22:55Z,"","Right Hand Music Group, LLC/RCA Records",0.736,0.449,1,-11.462,0,0.425,0.33,0.000162,0.0898,0.326,80.126,4
spotify:track:1UqhkbzB1kuFwt2iy4h29Q,"Cough Syrup","Young The Giant (Special Edition)","Young the Giant",2011,249520,71,false,22vuuczgj6fzhb3ahyope7ozq,2022-05-22T20:23:02Z,"","Roadrunner Records",0.534,0.721,11,-7.307,0,0.0417,0.0343,0.00000624,0.115,0.225,128.978,3
spotify:track:6K6cmRM64IvoDkHQeZtewC,"I Really Like You","Emotion","Carly Rae Jepsen",2015-08-21,204772,0,false,22vuuczgj6fzhb3ahyope7ozq,2022-05-22T20:23:12Z,"","Universal Music Group",0.621,0.825,5,-4.686,1,0.042,0.0063,0.0000676,0.249,0.593,122.057,4
spotify:track:5yvhdo8FXbBsIllxv2Rr94,"Prom","Ctrl","SZA",2017-06-09,196120,68,true,22vuuczgj6fzhb3ahyope7ozq,2022-05-22T20:23:24Z,"r&b","Top Dawg Entertainment/RCA Records",0.805,0.702,1,-4.877,1,0.0887,0.0639,0,0.123,0.225,120.048,4
spotify:track:06u5LrUpbosQlQ1QJFhPpG,"Drew Barrymore","Ctrl","SZA",2017-06-09,231412,72,true,22vuuczgj6fzhb3ahyope7ozq,2022-05-22T20:23:29Z,"r&b","Top Dawg Entertainment/RCA Records",0.577,0.523,0,-5.538,0,0.0429,0.491,0,0.147,0.29,134.93,4
spotify:track:0dyiHoYbYjYaOEXLpmzQZG,"Supercut","Melodrama","Lorde",2017-06-16,277506,0,false,22vuuczgj6fzhb3ahyope7ozq,2022-05-22T20:23:52Z,"","Universal Music Group",0.587,0.442,0,-10.395,1,0.0506,0.225,0.0000272,0.0801,0.158,124.881,4
spotify:track:0Pw6Gg8QChw5iSRRSrcWXP,"Opps (with Yugen Blakrok)","Black Panther The Album Music From And Inspired By","Vince Staples;Yugen Blakrok",2018-02-09,180893,0,true,22vuuczgj6fzhb3ahyope7ozq,2022-05-22T20:24:04Z,"","Universal Music Group",0.708,0.785,1,-6.809,1,0.322,0.152,0.0000818,0.406,0.854,128.074,4
spotify:track:7wdzLe2Gsx1RGqbvYZHASz,"i","i","Kendrick Lamar",2014-09-23,231933,68,true,22vuuczgj6fzhb3ahyope7ozq,2022-05-22T20:24:20Z,"hip hop,west coast hip hop","Aftermath",0.755,0.884,10,-5.296,0,0.0638,0.0208,0.00000297,0.248,0.897,121.927,4
spotify:track:5SxkdsY1ufZzoq9iXceLw9,"no tears left to cry","no tears left to cry","Ariana Grande",2018-04-20,205946,1,false,22vuuczgj6fzhb3ahyope7ozq,2022-05-22T20:24:32Z,"pop","Universal Records",0.703,0.696,0,-5.482,1,0.0529,0.0375,0.00000565,0.274,0.366,121.969,4
spotify:track:5tjgHs2wxXAUnf3PFCDWEB,"Turning Out","The Click","AJR",2017-06-30,260961,41,false,22vuuczgj6fzhb3ahyope7ozq,2022-05-22T20:24:40Z,"","Black Butter",0.603,0.516,3,-5.49,1,0.036,0.157,0,0.131,0.385,97.001,4
spotify:track:0b9oOr2ZgvyQu88wzixux9,"This Is America","This Is America","Childish Gambino",2018-05-06,225773,67,true,22vuuczgj6fzhb3ahyope7ozq,2022-05-22T20:25:11Z,"","Wolf+Rothstein/RCA Records",0.854,0.463,5,-6.159,1,0.137,0.117,0,0.354,0.549,120.024,4
spotify:track:0d2iYfpKoM0QCKvcLCkBao,"Eastside (with Halsey & Khalid)","Eastside (with Halsey & Khalid)","benny blanco;Halsey;Khalid",2018-07-12,173799,73,false,22vuuczgj6fzhb3ahyope7ozq,2022-05-22T20:25:26Z,"","Benny Blanco Solo Album PS",0.56,0.68,6,-7.648,0,0.321,0.555,0,0.116,0.319,89.391,4
spotify:track:3j8FPquKEOygdUMLLs1Pxr,"Candlelight","Candlelight","Zhavia",2018-07-26,189733,44,false,22vuuczgj6fzhb3ahyope7ozq,2022-05-22T20:25:40Z,"","Columbia",0.511,0.542,2,-7.398,1,0.336,0.387,0,0.181,0.439,134.907,4
spotify:track:5cbpoIu3YjoOwbBDGUEp3P,"Car Radio","Vessel","Twenty One Pilots",2013-01-08,267720,70,false,22vuuczgj6fzhb3ahyope7ozq,2022-05-22T20:25:52Z,"","Fueled By Ramen",0.766,0.519,9,-7.355,0,0.0366,0.098,0,0.0855,0.612,129.972,4
spotify:track:3C3cr2JQwXIhqAHqOardVO,"Holding on to You","Vessel","Twenty One Pilots",2013-01-08,263733,67,false,22vuuczgj6fzhb3ahyope7ozq,2022-05-22T20:25:57Z,"","Fueled By Ramen",0.608,0.776,11,-3.635,1,0.0511,0.241,0,0.0713,0.814,89.996,4
spotify:track:5OCJzvD7sykQEKHH7qAC3C,"God is a woman","Sweetener","Ariana Grande",2018-08-17,197546,78,true,22vuuczgj6fzhb3ahyope7ozq,2022-05-22T20:26:05Z,"pop","Republic Records",0.602,0.658,1,-5.934,1,0.0558,0.0233,0.00006,0.237,0.268,145.031,4
spotify:track:5N4erncE7kuUccm7zEmwzk,"Electricity","Electricity","Silk City;Dua Lipa;Mark Ronson;Diplo",2018-09-06,238173,70,false,22vuuczgj6fzhb3ahyope7ozq,2022-05-22T20:26:10Z,"pop,moombahton","Columbia",0.588,0.67,0,-6.439,1,0.0473,0.0104,0.00000333,0.338,0.505,118.159,4
spotify:track:15qf0H31MChhqKr2zvejla,"All Signs Point to Lauderdale","What Separates Me From You","A Day To Remember",2010,197200,1,true,22vuuczgj6fzhb3ahyope7ozq,2022-05-22T20:26:16Z,"metalcore,post-hardcore,pop punk,screamo,emo","Victory",0.42,0.983,10,-3.437,1,0.113,0.000263,0,0.114,0.513,149.958,4
spotify:track:5EFSJ6Or2ViON4jKL6xvB0,"My Life for Hire","Homesick","A Day To Remember",2009,213800,0,false,22vuuczgj6fzhb3ahyope7ozq,2022-05-22T20:26:37Z,"metalcore,post-hardcore,pop punk,screamo,emo","Victory",0.419,0.907,8,-4.939,1,0.0854,0.000281,0,0.177,0.653,144.641,4
spotify:track:0sXvjZV7p4uvyPN4uQo3FH,"Neon Gravestones","Trench","Twenty One Pilots",2018-10-05,240266,63,false,22vuuczgj6fzhb3ahyope7ozq,2022-05-22T20:26:46Z,"","Fueled By Ramen",0.73,0.427,11,-9.834,0,0.138,0.379,0.000309,0.0893,0.392,149.45,3
spotify:track:74sb4Gib0cL3TQeCjYF8vh,"Lay Me Down","In The Lonely Hour","Sam Smith",2014-05-26,253208,77,false,22vuuczgj6fzhb3ahyope7ozq,2022-05-22T20:27:07Z,"soft pop","PLG - Capitol",0.418,0.332,4,-9.482,1,0.0492,0.771,0.0000201,0.109,0.171,119.164,4
spotify:track:5ooilrQAnOJbUjq7IDm8lY,"Safe Inside","Back from the Edge","James Arthur",2016-10-28,222219,65,false,22vuuczgj6fzhb3ahyope7ozq,2022-05-22T20:27:21Z,"soft pop","Columbia",0.317,0.547,8,-6.549,1,0.0366,0.187,0,0.121,0.11,117.332,4
spotify:track:0VhgEqMTNZwYL1ARDLLNCX,"Can I Be Him","Back from the Edge","James Arthur",2016-10-28,246775,80,false,22vuuczgj6fzhb3ahyope7ozq,2022-05-22T20:27:26Z,"soft pop","Columbia",0.696,0.543,11,-6.164,1,0.0489,0.308,0,0.0939,0.479,107.969,4
spotify:track:5sOch9Cf4uxcMtwFzMtNqQ,"Delicate","reputation (Big Machine Radio Release Special)","Taylor Swift",2017-11-10,232253,46,false,22vuuczgj6fzhb3ahyope7ozq,2022-05-22T20:27:34Z,"","Taylor Swift",0.75,0.404,9,-10.178,0,0.0682,0.216,0.000357,0.0911,0.0499,95.045,4
spotify:track:3i78lP1Y35m6Idgnbw9Fow,"Infinity","Living Room","AJR",2015-03-03,239693,6,false,22vuuczgj6fzhb3ahyope7ozq,2022-05-22T20:28:08Z,"","AJR Productions/Warner Records",0.521,0.716,0,-4.838,1,0.0373,0.00543,0,0.0895,0.389,105.034,4
spotify:track:1NgCWYuBLfqBDA3b8MgSVU,"Twenty One","Free Spirit","Khalid",2019-04-05,184200,48,false,22vuuczgj6fzhb3ahyope7ozq,2022-05-22T20:28:18Z,"","Right Hand Music Group, LLC/RCA Records",0.776,0.445,9,-8.574,1,0.0371,0.212,0.00409,0.124,0.405,109.981,4
spotify:track:0HEckRWFSknIupbGzavk5d,"Hundred","Free Spirit","Khalid",2019-04-05,277080,53,true,22vuuczgj6fzhb3ahyope7ozq,2022-05-22T20:28:23Z,"","Right Hand Music Group, LLC/RCA Records",0.772,0.483,6,-10.06,0,0.0564,0.0521,0.000375,0.377,0.479,120.005,4
spotify:track:2d6m2F4I7wCuAKtSsdhh83,"Famous Last Words","The Black Parade","My Chemical Romance",2006-10-20,299226,76,false,22vuuczgj6fzhb3ahyope7ozq,2022-05-22T20:28:32Z,"emo,pop punk","Reprise",0.467,0.883,2,-3.679,0,0.106,0.000321,0.000152,0.125,0.309,122.252,4
spotify:track:2SYMnBpx7zyhSDPQwoOlFO,"Props & Mayhem","Collide With The Sky","Pierce The Veil",2012-07-17,217853,65,false,22vuuczgj6fzhb3ahyope7ozq,2022-05-22T20:28:41Z,"emo,screamo,post-hardcore","Fearless Records",0.527,0.933,4,-3.035,0,0.0628,0.000269,0.000068,0.293,0.357,127.008,4
spotify:track:5IF1w7i1bTx3opewdRfZeM,"Narcisista por Excelencia","Amantes Sunt Amentes","PXNDX",2006-10-02,227346,1,false,22vuuczgj6fzhb3ahyope7ozq,2022-05-22T20:28:48Z,"rock en español,mexican rock,latin rock","Movic Records",0.384,0.891,7,-5.869,0,0.118,0.000169,0.0016,0.158,0.498,164.045,4
spotify:track:5wQnmLuC1W7ATsArWACrgW,"Welcome to the Black Parade","The Black Parade","My Chemical Romance",2006-10-20,311106,80,false,22vuuczgj6fzhb3ahyope7ozq,2022-05-22T20:28:55Z,"emo,pop punk","Reprise",0.217,0.905,2,-4.103,1,0.0752,0.000289,0.00011,0.222,0.236,96.95,4
spotify:track:34hoCwSsssai61QCqzGYtX,"Bored To Death","Bored To Death","blink-182",2016-04-27,235613,0,false,22vuuczgj6fzhb3ahyope7ozq,2022-05-22T20:29:02Z,"pop punk,punk,rock,skate punk,emo","BMG",0.502,0.966,0,-3.876,1,0.0946,0.00575,0.00000156,0.117,0.638,159.948,4
spotify:track:0RVC26StglOZKJyCcR02wb,"Don't Throw Out My Legos","Neotheater","AJR",2019-04-26,250839,43,false,22vuuczgj6fzhb3ahyope7ozq,2022-05-22T20:29:14Z,"","Black Butter",0.629,0.583,2,-6.274,1,0.0415,0.142,0,0.118,0.492,147.036,4
spotify:track:3y3brCCecHC3Db18aIOnny,"Carry On (from the Original Motion Picture ""POKÉMON Detective Pikachu"")","Carry On (from the Original Motion Picture ""POKÉMON Detective Pikachu"")","Kygo;Rita Ora",2019-04-19,215315,58,false,22vuuczgj6fzhb3ahyope7ozq,2022-05-22T20:29:22Z,"tropical house","Palm Tree Records/RCA Records",0.591,0.705,9,-6.519,0,0.079,0.381,0.000116,0.131,0.27,121.799,4
spotify:track:4pIfeu5uWQMJQ8PfDffLq1,"Life @ 11","Common Courtesy","A Day To Remember",2013-11-25,202520,0,false,22vuuczgj6fzhb3ahyope7ozq,2022-05-22T20:29:31Z,"metalcore,post-hardcore,pop punk,screamo,emo","ADTR Records",0.443,0.985,4,-4.001,1,0.124,0.0000463,0,0.378,0.429,143.97,4
spotify:track:2xvm35xiuxU9qeMEbnUj1w,"Good Things","Common Courtesy","A Day To Remember",2013-11-25,179733,0,false,22vuuczgj6fzhb3ahyope7ozq,2022-05-22T20:29:46Z,"metalcore,post-hardcore,pop punk,screamo,emo","ADTR Records",0.45,0.931,1,-3.889,1,0.0684,0.000245,0,0.379,0.658,142.958,4
spotify:track:6B4tKjUOWE9NhdpxB2NVDf,"This Is the House That Doubt Built","What Separates Me From You","A Day To Remember",2010,210333,0,false,22vuuczgj6fzhb3ahyope7ozq,2022-05-22T20:29:52Z,"metalcore,post-hardcore,pop punk,screamo,emo","Victory",0.285,0.946,11,-3.874,0,0.0843,0.000505,0,0.0826,0.2,182.882,3
spotify:track:0pwdJLLVxlJa1lnR9UeMZY,"Love Me Anyway (feat. Chris Stapleton)","Hurts 2B Human","P!nk;Chris Stapleton",2019-04-26,188120,51,false,22vuuczgj6fzhb3ahyope7ozq,2022-05-22T20:30:06Z,"country,outlaw country","RCA Records Label",0.368,0.321,3,-5.904,1,0.0272,0.769,0,0.135,0.0673,139.001,4
spotify:track:5qrSlOut2rNAWv3ubArkNy,"Be Alright","A Place We Knew","Dean Lewis",2019-03-22,196493,79,true,22vuuczgj6fzhb3ahyope7ozq,2022-05-22T20:30:23Z,"","Universal Music Australia Pty. Ltd.",0.551,0.537,11,-7.595,1,0.034,0.705,0,0.0802,0.493,126.421,4
spotify:track:5C1TucCRf4Vjjree1OItyv,"One","Divinely Uninspired To A Hellish Extent","Lewis Capaldi",2019-05-17,179907,61,false,22vuuczgj6fzhb3ahyope7ozq,2022-05-22T20:30:30Z,"soft pop","Vertigo Berlin",0.708,0.339,9,-7.085,1,0.0409,0.834,0,0.128,0.512,117.995,4
spotify:track:7qEHsqek33rTcFNT9PFqLf,"Someone You Loved","Divinely Uninspired To A Hellish Extent","Lewis Capaldi",2019-05-17,182160,88,false,22vuuczgj6fzhb3ahyope7ozq,2022-05-22T20:30:36Z,"soft pop","Vertigo Berlin",0.501,0.405,1,-5.679,1,0.0319,0.751,0,0.105,0.446,109.891,4
spotify:track:3KkXRkHbMCARz0aVfEt68P,"Sunflower - Spider-Man: Into the Spider-Verse","Spider-Man: Into the Spider-Verse (Soundtrack From & Inspired by the Motion Picture)","Post Malone;Swae Lee",2018-12-14,158040,83,false,22vuuczgj6fzhb3ahyope7ozq,2022-05-22T20:30:51Z,"","Universal Records",0.76,0.478,2,-5.574,1,0.0467,0.552,0,0.0703,0.913,89.908,4
spotify:track:3xCsHloPBl211Yi4UEUUcm,"Pool","After Laughter","Paramore",2017-05-12,232786,58,false,22vuuczgj6fzhb3ahyope7ozq,2022-05-22T20:30:58Z,"pop punk,emo","Fueled By Ramen",0.589,0.777,0,-5.386,1,0.0369,0.00629,0.0165,0.123,0.572,114.867,4
spotify:track:6t44iU80A0h8WQ7vc4OoRj,"Fake Happy","After Laughter","Paramore",2017-05-12,235706,60,false,22vuuczgj6fzhb3ahyope7ozq,2022-05-22T20:31:04Z,"pop punk,emo","Fueled By Ramen",0.734,0.626,7,-5.685,1,0.0458,0.076,0.00000654,0.168,0.44,98.559,4
spotify:track:3mzV0WDATjcpzcTNK2TLJw,"Looking Up","Brand New Eyes","Paramore",2009-09-25,209426,52,false,22vuuczgj6fzhb3ahyope7ozq,2022-05-22T20:31:17Z,"pop punk,emo","Fueled By Ramen",0.416,0.98,4,-2.175,1,0.108,0.000125,0,0.332,0.612,195.972,4
spotify:track:1a9YW7fATU351ok4zWjU7a,"Brick by Boring Brick","Brand New Eyes","Paramore",2009-09-25,253946,68,false,22vuuczgj6fzhb3ahyope7ozq,2022-05-22T20:31:22Z,"pop punk,emo","Fueled By Ramen",0.436,0.942,9,-2.206,1,0.0496,0.0000956,0.000438,0.209,0.5,164.975,4
spotify:track:2hUFjIbpKaRqs97OjUAmXb,"Johnny Boy","Twenty One Pilots","Twenty One Pilots",2009-12-29,279053,1,false,22vuuczgj6fzhb3ahyope7ozq,2022-05-22T20:31:27Z,"","Twenty One Pilots",0.561,0.841,0,-4.311,1,0.0515,0.00525,0.0000453,0.24,0.356,114.943,4
spotify:track:1dUU2RYiMZ9HCk6CB9Akup,"City Of Angels","LOVE LUST FAITH + DREAMS","Thirty Seconds To Mars",2013-05-17,302040,53,false,22vuuczgj6fzhb3ahyope7ozq,2022-05-22T20:31:36Z,"","Virgin (VIR)",0.575,0.795,2,-6.149,1,0.0357,0.0787,0.0000262,0.086,0.149,105.015,4
spotify:track:04PuISvOTwat3nC44BrwRR,"Step Right Up","Lonely Road","The Red Jumpsuit Apparatus",2009-01-01,227800,34,false,22vuuczgj6fzhb3ahyope7ozq,2022-05-22T20:31:49Z,"pop punk,emo","Virgin Records",0.531,0.933,10,-4.199,1,0.0536,0.0118,0,0.287,0.727,126.995,4
spotify:track:1pcL2LXuaO01180QkIxkSG,"Right Where You Want Me to Be","Attack of the Killer B-Sides","A Day To Remember",2011-10-01,222653,0,false,22vuuczgj6fzhb3ahyope7ozq,2022-05-22T20:31:59Z,"metalcore,post-hardcore,pop punk,screamo,emo","Victory",0.343,0.947,10,-4.098,1,0.0557,0.0000415,0,0.134,0.462,84.953,4
spotify:track:1BR5vhAlaoUiijQ28p6jlN,"Backseat Freestyle","good kid, m.A.A.d city (Deluxe)","Kendrick Lamar",2012-10-22,212653,59,true,22vuuczgj6fzhb3ahyope7ozq,2022-05-22T20:32:10Z,"hip hop,west coast hip hop","Aftermath",0.547,0.651,1,-7.601,1,0.3,0.000739,0,0.235,0.645,77.878,4
spotify:track:4rhv5nnyAdhjvqRB8s9xr7,"Fall","YOU","James Arthur",2019-10-18,223472,45,false,22vuuczgj6fzhb3ahyope7ozq,2022-05-22T20:32:28Z,"soft pop","Columbia Local",0.235,0.434,4,-8.245,1,0.032,0.831,0.00000118,0.168,0.232,82.67,4
spotify:track:2deFH5zveEBEUuURpqTN3C,"Quite Miss Home","YOU","James Arthur",2019-10-18,243180,60,false,22vuuczgj6fzhb3ahyope7ozq,2022-05-22T20:32:37Z,"soft pop","Columbia Local",0.58,0.428,10,-6.398,1,0.0288,0.608,0.00000256,0.117,0.147,136.835,4
spotify:track:1HfMVBKM75vxSfsQ5VefZ5,"Lose You To Love Me","Lose You To Love Me","Selena Gomez",2019-10-23,206458,27,false,22vuuczgj6fzhb3ahyope7ozq,2022-05-22T20:32:42Z,"","Interscope Records",0.4,0.341,4,-9,1,0.0521,0.579,0,0.21,0.0852,102.744,4
spotify:track:7j31rVgGX9Q2blT92VBEA0,"Teenagers","The Black Parade","My Chemical Romance",2006-10-20,161920,82,false,22vuuczgj6fzhb3ahyope7ozq,2022-05-22T20:32:47Z,"emo,pop punk","Reprise",0.463,0.857,4,-3.063,1,0.0632,0.0506,0,0.184,0.856,111.647,4
spotify:track:0Z26mbSHJ1dkUu7g9DDgif,"Trigger","Trigger","Major Lazer;Khalid;Death Stranding: Timefall;Diplo",2019-10-24,171986,49,false,22vuuczgj6fzhb3ahyope7ozq,2022-05-22T20:33:05Z,"moombahton","Right Hand Music Group, LLC/RCA Records",0.57,0.585,8,-7.041,1,0.251,0.128,0.000105,0.111,0.378,97.285,4
spotify:track:3P4LhZdYGo413eDxKKuzjG,"The Woods","Back to the Woods","Angel Haze",2015-09-15,296928,12,true,22vuuczgj6fzhb3ahyope7ozq,2022-05-22T20:33:10Z,"","Angel Haze",0.389,0.638,2,-9.628,0,0.466,0.665,0.00013,0.386,0.166,94.791,4
spotify:track:57yI1u6t6cFXbjgjQcRHug,"Resentment","Resentment","A Day To Remember",2019-11-22,227266,50,false,22vuuczgj6fzhb3ahyope7ozq,2022-05-22T20:33:20Z,"metalcore,post-hardcore,pop punk,screamo,emo","Fueled By Ramen",0.496,0.955,9,-3.607,0,0.196,0.000083,0.0000964,0.0549,0.143,122.956,4
spotify:track:1lSSSGxlchhDCPzL7LXk4Z,"Miño","Grandes Exitos","Los Bunkers",2013-05-13,244666,37,false,22vuuczgj6fzhb3ahyope7ozq,2022-05-22T20:33:28Z,"latin rock,rock en español,latin alternative","Columbia",0.56,0.906,0,-4.808,1,0.0284,0.0648,0.0000591,0.255,0.839,105.706,4
spotify:track:1WoVRr4ZKgIdshBwXCl3pq,"Homesick","Homesick","A Day To Remember",2009,236613,0,false,22vuuczgj6fzhb3ahyope7ozq,2022-05-22T20:33:44Z,"metalcore,post-hardcore,pop punk,screamo,emo","Victory",0.283,0.957,5,-4.845,0,0.0729,0.0000952,0,0.287,0.431,110.027,4
spotify:track:6KyOCzf2A2jjROH4ZokTEw,"NJ Legion Iced Tea","Homesick","A Day To Remember",2009,211133,0,false,22vuuczgj6fzhb3ahyope7ozq,2022-05-22T20:33:51Z,"metalcore,post-hardcore,pop punk,screamo,emo","Victory",0.489,0.86,0,-5.021,1,0.106,0.0000265,0,0.385,0.666,148.824,4
spotify:track:1Jx2ZMYVcXM0CfqOysoC8R,"Alligator Blood","There Is A Hell Believe Me I've Seen It. There Is A Heaven Let's Keep It A Secret","Bring Me The Horizon",2010-10-05,271853,36,false,22vuuczgj6fzhb3ahyope7ozq,2022-05-22T20:34:04Z,"metalcore,emo,screamo,rock,post-hardcore","Epitaph",0.15,0.949,5,-4.614,1,0.113,0.000243,0.00000191,0.148,0.0397,102.379,4
spotify:track:1JhuXhMiTBavuRXQTsGOdV,"Too Good At Goodbyes - Acoustic","Too Good At Goodbyes (Acoustic)","Sam Smith",2017-09-29,220095,63,false,22vuuczgj6fzhb3ahyope7ozq,2022-05-22T20:34:51Z,"soft pop","PLG - Capitol",0.462,0.272,5,-9.274,1,0.0456,0.846,0,0.138,0.262,86.816,4
spotify:track:1BsWZ5WeOoeVz0Z04FkYHg,"All I Can Give You","Punk Goes Christmas (Deluxe)","Jason Lancaster",2015-11-27,242693,21,false,22vuuczgj6fzhb3ahyope7ozq,2022-05-22T20:35:00Z,"","Fearless Records",0.562,0.446,0,-7.941,1,0.0319,0.759,0,0.125,0.32,119.826,4
spotify:track:39E5JHHYapDY2Z13sI3SD2,"I Don't Have A Broken Heart","Barbara","Trixie Mattel",2020-02-07,169973,23,false,22vuuczgj6fzhb3ahyope7ozq,2022-05-22T20:35:07Z,"","PEG Records",0.659,0.631,7,-7.882,1,0.0278,0.769,0.00000864,0.11,0.484,94.988,4
spotify:track:5v2ByxOB3Q9p5DsAndtuO2,"Heavy Crown","Trixie Mattel: Moving Parts (The Acoustic Soundtrack)","Trixie Mattel",2019-12-20,139626,46,false,22vuuczgj6fzhb3ahyope7ozq,2022-05-22T20:35:28Z,"","PEG Records",0.524,0.185,1,-12.967,1,0.0324,0.923,0.0000523,0.139,0.557,90.857,4
spotify:track:3i2Z14K9Tkjak0nMTicrw0,"Moving Parts (Guitar Version)","Trixie Mattel: Moving Parts (The Acoustic Soundtrack)","Trixie Mattel",2019-12-20,177984,25,false,22vuuczgj6fzhb3ahyope7ozq,2022-05-22T20:35:32Z,"","PEG Records",0.559,0.269,3,-12.92,1,0.0338,0.54,0,0.177,0.502,97.62,4
spotify:track:1jr3gCvfo0llrwdTtuDxkl,"I Know You All over Again","Two Birds","Trixie Mattel",2017-05-02,176383,27,false,22vuuczgj6fzhb3ahyope7ozq,2022-05-22T20:35:41Z,"","Trixie Mattel",0.567,0.388,2,-11.497,1,0.0291,0.565,0,0.126,0.245,91.267,4
spotify:track:2hVKFfp7Rmr2XPK31jFCrX,"Mindreader","Mindreader","A Day To Remember",2020-04-15,173520,43,false,22vuuczgj6fzhb3ahyope7ozq,2022-05-22T20:35:47Z,"metalcore,post-hardcore,pop punk,screamo,emo","Fueled By Ramen",0.458,0.949,0,-3.243,1,0.115,0.000385,0,0.306,0.518,164.073,4
spotify:track:2kjMpCZBF8fArH7B4yku9T,"Mine - Cover of Taylor Swift","Glee: The Music, Season 4 Volume 1","Glee Cast",2012-11-27,251946,45,false,22vuuczgj6fzhb3ahyope7ozq,2022-05-22T20:35:57Z,"christmas","Columbia",0.787,0.344,7,-7.331,1,0.031,0.706,0,0.0643,0.361,110.036,4
spotify:track:0OCRwXbQRdOZ1OtB4Imsp1,"Love Someone","3 (The Purple Album)","Lukas Graham",2018-10-26,205440,71,false,22vuuczgj6fzhb3ahyope7ozq,2022-05-22T20:36:54Z,"dansk pop","Warner Records",0.538,0.409,9,-6.581,0,0.0505,0.172,0,0.11,0.265,171.838,4
spotify:track:6A8dnC0xkiuWN4BshmTB2I,"Oceans Away","GALLERY","A R I Z O N A",2017-05-19,194013,59,false,22vuuczgj6fzhb3ahyope7ozq,2022-05-22T20:37:02Z,"","Atlantic Records",0.617,0.642,8,-8.624,1,0.0334,0.13,0.157,0.0929,0.221,105.885,4
spotify:track:5P4OS6niKRV6zsdPKPcnRM,"Freaking Out","ASYLUM","A R I Z O N A",2019-10-11,200312,50,false,22vuuczgj6fzhb3ahyope7ozq,2022-05-22T20:37:13Z,"","Atlantic Records",0.663,0.68,6,-6.607,1,0.0501,0.118,0.00603,0.102,0.384,125.055,4
spotify:track:5kI4eCXXzyuIUXjQra0Cxi,"betty","folklore","Taylor Swift",2020-07-24,294521,68,true,22vuuczgj6fzhb3ahyope7ozq,2022-05-22T20:37:38Z,"","Taylor Swift",0.593,0.377,0,-8.761,1,0.0253,0.6,0,0.0976,0.502,95.939,4
spotify:track:4pvb0WLRcMtbPGmtejJJ6y,"exile (feat. Bon Iver)","folklore","Taylor Swift;Bon Iver",2020-07-24,285634,80,false,22vuuczgj6fzhb3ahyope7ozq,2022-05-22T20:37:46Z,"","Taylor Swift",0.298,0.38,6,-8.426,1,0.0287,0.778,0.0000562,0.11,0.152,75.602,4
spotify:track:1D7UBHqaPWDbBHs2S5YXge,"Perfect Situation","Make Believe","Weezer",2005-05-10,254333,57,false,22vuuczgj6fzhb3ahyope7ozq,2022-05-22T20:38:13Z,"alternative rock","Geffen",0.47,0.806,6,-4.1,1,0.0328,0.0271,0.000142,0.2,0.403,93.853,4
spotify:track:3YJJjQPAbDT7mGpX3WtQ9A,"Good Days","Good Days","SZA",2020-12-25,279203,73,true,22vuuczgj6fzhb3ahyope7ozq,2022-05-22T20:38:36Z,"r&b","Top Dawg Entertainment/RCA Records",0.436,0.655,1,-8.37,0,0.0583,0.499,0.0000081,0.688,0.412,121.002,4
spotify:track:7ujx3NYtwO2LkmKGz59mXp,"HUMBLE.","DAMN.","Kendrick Lamar",2017-04-14,177000,2,true,22vuuczgj6fzhb3ahyope7ozq,2022-05-22T20:38:54Z,"hip hop,west coast hip hop","Universal Music Group",0.906,0.625,1,-6.779,0,0.0903,0.000243,0.0000323,0.0975,0.423,150.018,4
spotify:track:4vsJ7huysKfSMKwFbSwBV3,"High Diving","You're Welcome","A Day To Remember",2021-03-05,207000,41,false,22vuuczgj6fzhb3ahyope7ozq,2022-05-22T20:39:05Z,"metalcore,post-hardcore,pop punk,screamo,emo","Fueled By Ramen",0.584,0.934,0,-4.425,1,0.0453,0.00859,0,0.183,0.361,98.022,4
spotify:track:3voWwzddxFnII6f8pEensc,"Permanent","You're Welcome","A Day To Remember",2021-03-05,222493,42,false,22vuuczgj6fzhb3ahyope7ozq,2022-05-22T20:39:13Z,"metalcore,post-hardcore,pop punk,screamo,emo","Fueled By Ramen",0.481,0.945,4,-3.432,0,0.077,0.0004,0.00000167,0.335,0.628,129.974,4
spotify:track:7bXvOMQ3UrcTS1dO9Ppzsg,"Sober Up (feat. Rivers Cuomo)","The Click","AJR;Rivers Cuomo",2017-06-30,218763,52,false,22vuuczgj6fzhb3ahyope7ozq,2022-05-22T20:39:31Z,"","Black Butter",0.647,0.616,5,-4.948,1,0.0272,0.277,0,0.0816,0.79,93.019,4
spotify:track:21n769QrJtrmN0pXuBkYOm,"Kissing in Cars (Bonus Track)","Selfish Machines (Reissue)","Pierce The Veil",2013-09-24,257211,59,false,22vuuczgj6fzhb3ahyope7ozq,2022-05-22T20:39:43Z,"emo,screamo,post-hardcore","Equal Vision Records",0.555,0.502,2,-11.222,1,0.0256,0.0267,0,0.103,0.218,113.369,4
spotify:track:003vvx7Niy0yvhvHt4a68B,"Mr. Brightside","Hot Fuss","The Killers",2004,222973,89,false,22vuuczgj6fzhb3ahyope7ozq,2022-05-22T20:39:51Z,"alternative rock","Island Records",0.352,0.911,1,-5.23,1,0.0747,0.00121,0,0.0995,0.236,148.033,4
spotify:track:2rh74erKixxVL5jybdahEd,"Busyhead","Busyhead","Noah Kahan",2019-06-14,254306,57,false,22vuuczgj6fzhb3ahyope7ozq,2022-05-22T20:40:02Z,"","Republic Records",0.655,0.478,9,-6.364,1,0.0289,0.328,0,0.206,0.608,142.068,4
spotify:track:2Zg0aB5oVQlbQE1vzQmIIY,"Hurt Somebody","Busyhead","Noah Kahan;Julia Michaels",2019-06-14,167106,67,false,22vuuczgj6fzhb3ahyope7ozq,2022-05-22T20:40:07Z,"","Republic Records",0.638,0.51,1,-6.485,1,0.305,0.344,0,0.212,0.448,114.576,4
spotify:track:0hxRyDVC61KlZGS6m2Min4,"3 O'Clock Things","OK ORCHESTRA","AJR",2021-03-26,228376,48,true,22vuuczgj6fzhb3ahyope7ozq,2022-05-22T20:40:16Z,"","Black Butter",0.694,0.525,11,-8.619,1,0.0806,0.0318,0,0.217,0.348,93.978,4
spotify:track:2Cu5ExXidcoE4vF5hIYict,"Heart to Break","Heart to Break","Kim Petras",2018-02-14,225972,0,false,22vuuczgj6fzhb3ahyope7ozq,2022-05-22T20:40:27Z,"","BunHead",0.74,0.631,11,-4.865,1,0.196,0.0403,0.00000277,0.253,0.887,109.029,4
spotify:track:2BOqDYLOJBiMOXShCV1neZ,"Dancing On My Own","Only Human (Deluxe)","Calum Scott",2018-03-09,260285,81,false,22vuuczgj6fzhb3ahyope7ozq,2022-05-22T20:40:43Z,"soft pop","Capitol Records (US1A)",0.681,0.174,1,-8.745,1,0.0315,0.837,0.0000335,0.0983,0.231,112.672,4
spotify:track:0tV8pOpiNsKqUys0ilUcXz,"Rise Up","Cheers to the Fall","Andra Day",2015-08-28,253342,72,false,22vuuczgj6fzhb3ahyope7ozq,2022-05-22T20:40:53Z,"soft pop","Warner Records/Buskin",0.398,0.316,1,-7.031,1,0.0368,0.805,0,0.295,0.174,118.582,4
spotify:track:37BZB0z9T8Xu7U3e65qxFy,"Save Your Tears (with Ariana Grande) (Remix)","Save Your Tears (Remix)","The Weeknd;Ariana Grande",2021-04-23,191013,79,false,22vuuczgj6fzhb3ahyope7ozq,2022-05-22T20:40:58Z,"pop","Republic Records",0.65,0.825,0,-4.645,1,0.0325,0.0215,0.0000244,0.0936,0.593,118.091,4
spotify:track:4LmN3eU1R1vVEdKuDELpGk,"All I Know So Far","All I Know So Far","P!nk",2021-05-07,277413,58,true,22vuuczgj6fzhb3ahyope7ozq,2022-05-22T20:41:12Z,"","RCA Records Label",0.578,0.639,4,-5.749,1,0.0374,0.0586,0,0.0944,0.296,108.045,4
spotify:track:0yzj6eBs5a6X6d3P5qaQ5J,"The Outside","Scaled And Icy","Twenty One Pilots",2021-05-21,216758,66,false,22vuuczgj6fzhb3ahyope7ozq,2022-05-22T20:41:21Z,"","Fueled By Ramen",0.785,0.623,11,-6.923,1,0.0403,0.0505,0.125,0.0539,0.711,100.991,4
spotify:track:23l1kVpqMVREiwU1YAlcr4,"I Guess That's Why They Call It The Blues","Too Low For Zero","Elton John",1983-05-30,285333,71,false,22vuuczgj6fzhb3ahyope7ozq,2022-05-22T20:41:34Z,"","EMI",0.673,0.663,0,-7.29,1,0.0269,0.217,0.0174,0.177,0.67,120.634,3
spotify:track:05NG7kwEZLhA2il9MiXEWT,"You should be sad","Manic","Halsey",2020-01-17,205473,48,true,22vuuczgj6fzhb3ahyope7ozq,2022-05-22T20:41:41Z,"","Capitol Records",0.591,0.585,2,-6.35,1,0.0276,0.143,0,0.109,0.323,110.943,4
spotify:track:1rPiAgK5DD2ve9aPujSJB7,"Biblical","Biblical","Calum Scott",2021-06-10,229673,56,false,22vuuczgj6fzhb3ahyope7ozq,2022-05-22T20:41:44Z,"soft pop","Capitol Records",0.565,0.272,4,-4.747,1,0.032,0.802,0,0.111,0.331,135.812,4
spotify:track:2CIYemjFXdmCWpJnfbtrD6,"New Normal","New Normal","Khalid",2021-07-21,198765,49,false,22vuuczgj6fzhb3ahyope7ozq,2022-05-22T20:41:53Z,"","Right Hand Music Group, LLC/RCA Records",0.39,0.534,0,-9.575,1,0.0709,0.0807,0,0.184,0.244,92.047,4
spotify:track:4bPQs0PHn4xbipzdPfn6du,"I Write Sins Not Tragedies","A Fever You Can't Sweat Out","Panic! At The Disco",2005-09-27,186634,75,true,22vuuczgj6fzhb3ahyope7ozq,2022-05-22T20:42:03Z,"emo","Decaydance Records / Fueled By Ramen",0.569,0.83,9,-4.106,0,0.14,0.0807,0,0.114,0.609,170.094,4
spotify:track:3t42QATkLwV44TjezAuOnt,"Godlight","Godlight","Noah Kahan",2021-06-30,247050,42,true,22vuuczgj6fzhb3ahyope7ozq,2022-05-22T20:42:10Z,"","Republic Records",0.377,0.708,4,-6.331,1,0.0559,0.00482,0,0.163,0.383,169.319,4
spotify:track:0hiHNxqKGf3GZgVTIOAiiK,"Someone Like You (feat. Joy Oladokun)","I Was / I Am","Noah Kahan;Joy Oladokun",2021-09-17,186552,62,false,22vuuczgj6fzhb3ahyope7ozq,2022-05-22T20:42:21Z,"","Republic Records",0.614,0.526,5,-7.492,1,0.0603,0.468,0,0.0939,0.366,177.913,4
spotify:track:3z6XUommYDWPHeFhmhhT6j,"Message In A Bottle (Taylor's Version) (From The Vault)","Red (Taylor's Version)","Taylor Swift",2021-11-12,225960,72,false,22vuuczgj6fzhb3ahyope7ozq,2022-05-22T20:42:57Z,"","Taylor Swift",0.622,0.791,7,-6.106,1,0.0535,0.00188,0.00000372,0.083,0.494,115.915,4
spotify:track:4CkgMiMqZ5JzW9iYXSTMTL,"I Bet You Think About Me (feat. Chris Stapleton) (Taylor’s Version) (From The Vault)","Red (Taylor's Version)","Taylor Swift;Chris Stapleton",2021-11-12,285106,70,true,22vuuczgj6fzhb3ahyope7ozq,2022-05-22T20:43:08Z,"country,outlaw country","Taylor Swift",0.391,0.715,0,-4.516,1,0.0495,0.167,0,0.183,0.473,149.654,3
spotify:track:5cZ1TPZO4miMEOO1UNknyd,"Take It Or Leave It","It'll All Make Sense In The End","James Arthur",2021-11-05,188799,40,false,22vuuczgj6fzhb3ahyope7ozq,2022-05-22T20:43:18Z,"soft pop","Columbia Local",0.352,0.385,11,-9.175,1,0.0326,0.58,0,0.208,0.31,119.798,4
spotify:track:5DTBPQRHrBOnvzIF5XLBPq,"September","It'll All Make Sense In The End","James Arthur",2021-11-05,222181,52,false,22vuuczgj6fzhb3ahyope7ozq,2022-05-22T20:43:24Z,"soft pop","Columbia Local",0.643,0.547,9,-6.06,1,0.0396,0.13,0,0.0927,0.416,102.989,4
spotify:track:4z21jCYxdhnEfvgqGSKByQ,"Kings And Queens","This Is War (Deluxe)","Thirty Seconds To Mars",2009,347666,63,false,22vuuczgj6fzhb3ahyope7ozq,2022-05-22T20:43:55Z,"","Virgin Records",0.293,0.817,8,-5.432,1,0.0852,0.0401,0.000034,0.13,0.145,165,4
spotify:track:3RP1eXaK8f4rwqY9fRKVRF,"pov","Positions (Deluxe)","Ariana Grande",2021-02-19,201882,58,false,22vuuczgj6fzhb3ahyope7ozq,2022-05-22T20:44:12Z,"pop","Republic Records",0.487,0.534,0,-5.664,0,0.0555,0.36,0,0.1,0.173,131.798,4
spotify:track:29Go4wUZUai6cYzwLbbMDM,"Losing You","It'll All Make Sense In The End (Deluxe)","James Arthur",2022-03-11,227730,39,false,22vuuczgj6fzhb3ahyope7ozq,2022-05-22T20:44:39Z,"soft pop","Columbia Local",0.541,0.799,1,-4.931,1,0.036,0.0072,0,0.101,0.663,145.14,4
spotify:track:5enxwA8aAbwZbf5qCHORXi,"All Too Well (10 Minute Version) (Taylor's Version) (From The Vault)","Red (Taylor's Version)","Taylor Swift",2021-11-12,613026,81,true,22vuuczgj6fzhb3ahyope7ozq,2022-05-22T20:44:47Z,"","Taylor Swift",0.631,0.518,0,-8.771,1,0.0303,0.274,0,0.088,0.205,93.023,4
spotify:track:0q6LuUqGLUiCPP1cbdwFs3,"On Melancholy Hill","Plastic Beach","Gorillaz",2010-03-03,233866,85,false,22vuuczgj6fzhb3ahyope7ozq,2022-05-22T20:44:51Z,"","Parlophone UK",0.689,0.739,2,-5.81,1,0.026,0.0000151,0.509,0.064,0.578,120.423,4
spotify:track:1QxIFMs4M8qd5cbJJu80v4,"Skyline","Skyline","Khalid",2022-04-28,182895,58,false,22vuuczgj6fzhb3ahyope7ozq,2022-05-22T20:44:59Z,"","Right Hand Music Group, LLC/RCA Records",0.733,0.653,11,-6.094,1,0.0391,0.0179,0.0218,0.184,0.752,119.996,5
spotify:track:3Z2anmIVG8b1GelyeFQdnP,"Maine","Cape Elizabeth","Noah Kahan",2020-05-01,232618,79,false,22vuuczgj6fzhb3ahyope7ozq,2022-05-22T20:45:06Z,"","Republic Records",0.533,0.24,6,-9.512,1,0.0424,0.729,0,0.223,0.265,175.486,4
spotify:track:19Fg3WrTfo35Ji3PtfZE6J,"Auntie Diaries","Mr. Morale & The Big Steppers","Kendrick Lamar",2022-05-13,281069,0,true,22vuuczgj6fzhb3ahyope7ozq,2022-05-22T20:45:23Z,"hip hop,west coast hip hop","pgLang/Top Dawg Entertainment/Aftermath/Interscope Records",0.52,0.375,0,-13.409,1,0.358,0.745,0.0122,0.429,0.589,127.544,5
spotify:track:7pj6P5WnxkZsw3XRc8eMe1,"Count Me Out","Mr. Morale & The Big Steppers","Kendrick Lamar",2022-05-13,283642,1,true,22vuuczgj6fzhb3ahyope7ozq,2022-05-22T20:45:35Z,"hip hop,west coast hip hop","pgLang/Top Dawg Entertainment/Aftermath/Interscope Records",0.776,0.431,4,-7.544,0,0.091,0.671,0,0.153,0.495,133.999,4
spotify:track:4xIhSUJantE6BMl3u8dtCJ,"Father Time (feat. Sampha)","Mr. Morale & The Big Steppers","Kendrick Lamar;Sampha",2022-05-13,222497,0,true,22vuuczgj6fzhb3ahyope7ozq,2022-05-22T20:45:41Z,"hip hop,west coast hip hop,indie soul","pgLang/Top Dawg Entertainment/Aftermath/Interscope Records",0.514,0.779,10,-4.365,0,0.344,0.181,0,0.099,0.517,152.869,4
spotify:track:2FeBslNBMdR9V58uv6hd2t,"N95","Mr. Morale & The Big Steppers","Kendrick Lamar",2022-05-13,195950,13,true,22vuuczgj6fzhb3ahyope7ozq,2022-05-22T20:45:46Z,"hip hop,west coast hip hop","pgLang/Top Dawg Entertainment/Aftermath/Interscope Records",0.79,0.67,1,-5.527,1,0.105,0.377,0.00000232,0.119,0.408,139.956,4
spotify:track:26b2c6d8TBOSNQznQXFdQa,"And I Am Telling You I'm Not Going","Dreamgirls (Music from the Motion Picture) [Deluxe Edition]","Jennifer Hudson",2006-12-04,305373,54,false,22vuuczgj6fzhb3ahyope7ozq,2022-05-22T22:55:27Z,"","Music World Music/Columbia/Sony Music Soundtrax",0.464,0.735,5,-5.202,0,0.0861,0.187,0,0.161,0.339,122.714,4
spotify:track:3NGulWlwuwKJNdLJNe07qR,"Fear Of Water","I Was / I Am","Noah Kahan",2021-09-17,171760,54,false,22vuuczgj6fzhb3ahyope7ozq,2022-05-24T03:31:21Z,"","Republic Records",0.45,0.0774,7,-14.767,1,0.0355,0.935,0,0.0824,0.313,102.291,3
spotify:track:6wqJeItl3Vc3az4ZicSQAB,"Before I Forget","Vol. 3: The Subliminal Verses (Special Edition)","Slipknot",2004,278600,79,false,22vuuczgj6fzhb3ahyope7ozq,2022-05-24T14:55:09Z,"nu metal,metal,alternative metal,rap metal,heavy metal","Roadrunner Records",0.291,0.974,6,-2.997,0,0.171,0.0177,0.00000544,0.886,0.348,134.724,4
spotify:track:39LmTF9RgyakzSYX8txrow,"imagine","thank u, next","Ariana Grande",2019-02-08,212266,70,true,22vuuczgj6fzhb3ahyope7ozq,2022-05-26T02:54:40Z,"pop","Republic Records",0.729,0.476,8,-4.985,1,0.0363,0.378,0,0.12,0.368,62.519,3
spotify:track:4bia7OWZPoswlzXCqESYrR,"Smile","Goodbye Lullaby (Expanded Edition)","Avril Lavigne",2011-03-08,209520,63,true,22vuuczgj6fzhb3ahyope7ozq,2022-05-27T17:06:50Z,"","Epic",0.634,0.848,1,-3.843,0,0.047,0.00237,0,0.0681,0.647,105.055,4
spotify:track:1gv4xPanImH17bKZ9rOveR,"Raise Your Glass","Raise Your Glass","P!nk",2010-10-05,202960,76,true,22vuuczgj6fzhb3ahyope7ozq,2022-06-09T17:42:04Z,"","LaFace Records",0.7,0.709,7,-5.006,1,0.0838,0.0048,0,0.029,0.624,122.019,4
spotify:track:6LxSe8YmdPxy095Ux6znaQ,"Headlines","Take Care (Deluxe)","Drake",2011-11-15,235986,87,true,22vuuczgj6fzhb3ahyope7ozq,2022-06-10T15:04:30Z,"rap","Cash Money Records/Young Money Ent./Universal Rec.",0.636,0.566,6,-7.16,0,0.106,0.365,0.000353,0.0917,0.425,151.894,4
spotify:track:4hDoWaIklSVAKLocU3IDBr,"I'm Gonna Be","Hollywood's Bleeding","Post Malone",2019-09-06,200680,0,true,22vuuczgj6fzhb3ahyope7ozq,2022-06-18T18:04:13Z,"","Republic Records",0.746,0.559,5,-4.008,1,0.0316,0.703,0,0.148,0.368,117.943,4
spotify:track:6MWtB6iiXyIwun0YzU6DFP,"Wow.","Wow.","Post Malone",2018-12-24,149520,2,true,22vuuczgj6fzhb3ahyope7ozq,2022-06-18T18:09:07Z,"","Republic Records",0.833,0.539,11,-7.399,0,0.178,0.163,0.0000021,0.101,0.385,99.947,4
spotify:track:1IT0WQk5J8NsaeII8ktdlZ,"King For A Day","Collide With The Sky","Pierce The Veil;Kellin Quinn",2012-07-17,236293,79,true,22vuuczgj6fzhb3ahyope7ozq,2022-07-02T04:26:09Z,"emo,screamo,post-hardcore,pop punk","Fearless Records",0.403,0.965,6,-2.238,1,0.0964,0.0000381,0.000276,0.341,0.431,112.363,4
spotify:track:7ks6AZmFcm3Y6PGGxGSmlB,"Where Them Girls At (feat. Nicki Minaj & Flo Rida)","Nothing but the Beat (Ultimate Edition)","David Guetta;Flo Rida;Nicki Minaj",2012-12-07,194840,77,true,22vuuczgj6fzhb3ahyope7ozq,2022-07-08T04:56:12Z,"edm","Parlophone (France)",0.666,0.876,3,-3.078,1,0.0414,0.055,0,0.259,0.552,129.884,4
spotify:track:0GNVXNz7Jkicfk2mp5OyG5,"Stick Season","Stick Season","Noah Kahan",2022-07-08,182346,65,false,22vuuczgj6fzhb3ahyope7ozq,2022-07-29T21:25:17Z,"","Mercury Records/Republic Records",0.664,0.5,9,-6.935,1,0.0651,0.799,0,0.0966,0.801,117.896,4
spotify:track:23OXdR7YuUBVWh5hSnYJau,"Chlorine","Trench","Twenty One Pilots",2018-10-05,324466,77,false,22vuuczgj6fzhb3ahyope7ozq,2022-08-20T18:52:08Z,"","Fueled By Ramen",0.609,0.674,10,-7.388,0,0.0548,0.0735,0.06,0.345,0.315,90.009,4
spotify:track:7793p4ZXhtbW5RpeRK7rid,"Dangerous Night","AMERICA","Thirty Seconds To Mars",2018-04-06,199773,3,false,22vuuczgj6fzhb3ahyope7ozq,2022-08-23T13:55:31Z,"","Thirty Seconds To Mars",0.295,0.715,2,-6.533,1,0.0709,0.00212,0.00000155,0.242,0.242,86.937,4
spotify:track:0RCsGhR44nFVAd5WiZZcGq,"Walking On Air","PRISM (Deluxe)","Katy Perry",2013-10-18,222448,46,false,22vuuczgj6fzhb3ahyope7ozq,2022-12-16T15:28:13Z,"pop","Capitol Records (CAP)",0.631,0.908,6,-4.842,0,0.0391,0.00144,0,0.23,0.821,128.009,4
spotify:track:41oY4WCTj5kccfesTVFnvN,"Tarot","Un Verano Sin Ti","Bad Bunny;JHAYCO",2022-05-06,237894,79,true,22vuuczgj6fzhb3ahyope7ozq,2023-01-27T12:15:36Z,"reggaeton,trap latino,urbano latino,latin","Rimas Entertainment LLC",0.795,0.684,11,-3.971,0,0.0419,0.0225,0,0.658,0.419,114.011,4
spotify:track:5i9bTK3gXeVCvua3PH4nwv,"LA TERAPIA","LA TERAPIA","Young Cister",2022-07-01,185012,55,false,22vuuczgj6fzhb3ahyope7ozq,2023-01-27T20:02:41Z,"chilean trap,reggaeton chileno,chilean mambo","Sony Music Entertainment Chile S.A",0.811,0.889,11,-4.5,1,0.0617,0.171,0.00035,0.134,0.87,94.005,4
spotify:track:3K7vPyMCcecKRotnu08MMP,"Crazier Things (with Noah Kahan)","Crazier Things","Chelsea Cutler;Noah Kahan",2020-06-26,264584,63,false,22vuuczgj6fzhb3ahyope7ozq,2023-02-20T23:16:07Z,"","Republic Records",0.635,0.274,2,-13.53,1,0.033,0.813,0,0.162,0.316,93.025,4
spotify:track:501mFwKeLnybf8JO3XL66O,"altar","altar","Kehlani",2021-09-15,243090,0,false,22vuuczgj6fzhb3ahyope7ozq,2023-03-02T16:33:24Z,"","TSNMI / Atlantic",0.554,0.854,9,-3.313,1,0.149,0.068,0.00285,0.166,0.797,83.823,4
spotify:track:1hG4V53eR16jg7jVTNLOiX,"34+35","Positions (Deluxe)","Ariana Grande",2021-02-19,173710,60,true,22vuuczgj6fzhb3ahyope7ozq,2023-03-17T19:59:03Z,"pop","Republic Records",0.83,0.585,0,-6.476,1,0.094,0.237,0,0.248,0.485,109.978,4
spotify:track:7ByxizhA4GgEf7Sxomxhze,"All My Love","Stick Season","Noah Kahan",2022-10-14,251510,79,false,22vuuczgj6fzhb3ahyope7ozq,2023-03-23T19:04:15Z,"","Mercury Records/Republic Records",0.666,0.665,2,-7.181,1,0.0534,0.309,0,0.0961,0.474,116.002,4
spotify:track:3QFInJAm9eyaho5vBzxInN,"family ties (with Kendrick Lamar)","The Melodic Blue","Baby Keem;Kendrick Lamar",2021-09-10,252262,78,true,22vuuczgj6fzhb3ahyope7ozq,2023-04-15T12:09:48Z,"hip hop,west coast hip hop","Columbia",0.711,0.611,1,-5.453,1,0.33,0.00588,0,0.23,0.144,134.093,4
spotify:track:1JcIXOir94YUYBt2cXTzn2,"Growing Sideways","Stick Season","Noah Kahan",2022-10-14,255143,67,true,22vuuczgj6fzhb3ahyope7ozq,2023-04-28T01:47:56Z,"","Mercury Records/Republic Records",0.516,0.289,7,-8.679,1,0.0311,0.737,0,0.0952,0.563,178.148,4
spotify:track:2WrldKXSBVbNNm3A9vJryi,"Dance Now (feat. Kenny Mason)","The Forever Story (Extended Version)","JID;Kenny Mason",2022-10-31,227555,67,true,22vuuczgj6fzhb3ahyope7ozq,2023-06-06T02:52:10Z,"","Dreamville/Interscope",0.782,0.476,1,-10.972,1,0.239,0.0942,0.000022,0.162,0.27,135.024,4
spotify:track:6wbBjUxEWItz27TddQPNPa,"A Tribe Called Red","Dirty Gold (Deluxe)","Angel Haze",2013-01-01,277167,24,true,22vuuczgj6fzhb3ahyope7ozq,2023-06-09T21:18:57Z,"","Universal-Island Records Ltd.",0.519,0.82,1,-6.04,1,0.171,0.147,0,0.299,0.265,104.822,3
spotify:track:22VHOlVYBqytsrAqV8yXBK,"Dial Drunk (with Post Malone)","Dial Drunk (with Post Malone)","Noah Kahan;Post Malone",2023-07-18,213817,78,true,22vuuczgj6fzhb3ahyope7ozq,2023-07-30T20:49:56Z,"","Mercury Records/Republic Records",0.669,0.606,8,-7.193,1,0.0292,0.124,0,0.112,0.69,112.108,4
spotify:track:66tOfHVH3aUrscg8vExRV4,"dorothea","evermore (deluxe version)","Taylor Swift",2021-01-07,225880,63,false,22vuuczgj6fzhb3ahyope7ozq,2023-08-10T22:08:18Z,"","TS/Republic",0.605,0.488,4,-8.322,1,0.0264,0.696,0,0.129,0.354,119.966,4
spotify:track:6xu5uxBUvW5VVEqPOTlhtX,"Redemption","Redemption","Mo Heart",2022-02-01,124444,5,false,22vuuczgj6fzhb3ahyope7ozq,2023-08-19T01:23:13Z,"","Mo Heart Music",0.725,0.872,1,-5.058,0,0.342,0.0964,0,0.475,0.932,108.065,4
spotify:track:1qKdid2S9fZdSrzLaCcjcF,"off the table (with The Weeknd)","Positions (Deluxe)","Ariana Grande;The Weeknd",2021-02-19,239949,56,false,22vuuczgj6fzhb3ahyope7ozq,2023-09-13T23:19:07Z,"pop","Republic Records",0.411,0.522,0,-7.295,1,0.0981,0.519,0,0.398,0.382,88.332,1
spotify:track:4tVybkClyH0hjL8jzMq3sH,"Wild Horses - Sam Feldt Remix","Wild Horses (Sam Feldt Remix)","Birdy;Sam Feldt",2016-06-03,177023,45,false,22vuuczgj6fzhb3ahyope7ozq,2023-09-28T18:35:06Z,"tropical house","Atlantic Records UK",0.504,0.729,8,-5.624,1,0.103,0.0808,0,0.0948,0.535,109.71,4
spotify:track:5xXqyjLicvEpch72qEryFT,"Speak Now (Taylor's Version)","Speak Now (Taylor's Version)","Taylor Swift",2023-07-07,242473,64,false,22vuuczgj6fzhb3ahyope7ozq,2023-11-04T15:33:24Z,"","Taylor Swift",0.734,0.686,7,-2.926,1,0.0349,0.225,0,0.136,0.598,119.002,4
spotify:track:2GtYzWux5LwmdOzKkYLbZG,"Graveyard","A R I Z O N A","A R I Z O N A",2023-05-12,223400,30,true,22vuuczgj6fzhb3ahyope7ozq,2023-11-10T20:18:17Z,"","Fueled By Ramen",0.686,0.695,1,-6.647,0,0.11,0.0426,0.0000122,0.273,0.312,129.937,4
spotify:track:4e3ZNTAV6PCrdYMUrUlMpQ,"Electric Touch (feat. Fall Out Boy) (Taylor’s Version) (From The Vault)","Speak Now (Taylor's Version)","Taylor Swift;Fall Out Boy",2023-07-07,266466,64,false,22vuuczgj6fzhb3ahyope7ozq,2023-11-25T17:23:35Z,"emo,pop punk","Taylor Swift",0.547,0.854,7,-4.753,1,0.0526,0.018,0,0.156,0.26,131.068,4
spotify:track:6Ve9MNsl8OFg6rHd227bYh,"Anxiety","Traumazine","Megan Thee Stallion",2022-08-12,135866,59,true,22vuuczgj6fzhb3ahyope7ozq,2023-12-01T20:08:06Z,"","300 Entertainment",0.951,0.766,8,-4.65,0,0.259,0.233,0,0.118,0.686,126.989,4
spotify:track:6xfXvPKTvGEo5xAXcuiIr5,"One More Try","One More Try","Calum Scott",2022-12-02,356000,46,false,22vuuczgj6fzhb3ahyope7ozq,2023-12-11T19:37:02Z,"soft pop","Capitol Records",0.281,0.23,4,-6.63,1,0.0304,0.839,0.00000239,0.109,0.153,78.91,4
spotify:track:46Lx5epWOQBA3J86ovnxmV,"Workin Out","DiCaprio 2","JID",2018-11-26,226858,64,true,22vuuczgj6fzhb3ahyope7ozq,2023-12-19T00:42:07Z,"","J. Cole/ DreamVille",0.818,0.57,10,-8.067,0,0.285,0.384,0.000102,0.19,0.561,126.938,4
spotify:track:3DUcaEvPO72PijivCjtZcU,"Candle In The Wind 1997","Candle In The Wind 1997 / Something About ...","Elton John",1997-01-01,250106,58,false,22vuuczgj6fzhb3ahyope7ozq,2023-12-27T19:41:52Z,"","EMI",0.45,0.311,4,-8.175,1,0.0314,0.977,0.00713,0.167,0.367,125.648,4
spotify:track:1dHtMSJ1Ozg2Ja6GX4McAO,"Paul Revere","Stick Season (We'll All Be Here Forever)","Noah Kahan",2023-06-09,213313,69,false,22vuuczgj6fzhb3ahyope7ozq,2024-02-02T22:45:44Z,"","Mercury Records/Republic Records",0.709,0.38,2,-9.731,1,0.0342,0.593,0,0.121,0.493,107.901,4
spotify:track:6DrLROM5MG9bxWHeEG5elq,"illicit affairs","folklore (deluxe version)","Taylor Swift",2020-08-18,190893,64,false,22vuuczgj6fzhb3ahyope7ozq,2024-02-24T14:47:42Z,"","Taylor Swift",0.529,0.304,10,-10.567,1,0.0356,0.862,0,0.108,0.44,119.58,4
spotify:track:4ltqfN12ohaVZdM6C45gMg,"American Teenager","Preacher’s Daughter","Ethel Cain",2022-05-12,258418,69,false,22vuuczgj6fzhb3ahyope7ozq,2024-02-28T18:48:57Z,"southern gothic","Daughters of Cain Records",0.415,0.748,4,-5.008,1,0.0481,0.00305,0,0.0903,0.154,120.056,4
spotify:track:3HSVuIkPGY4rdtifvEU3xz,"Casi Amor De Verano","Casi Amor De Verano","Young Cister",2021-12-23,210829,58,false,22vuuczgj6fzhb3ahyope7ozq,2024-02-28T22:40:37Z,"chilean trap,reggaeton chileno,chilean mambo","Sony Music Entertainment Chile S.A",0.691,0.671,7,-6.654,1,0.072,0.13,0.000166,0.0736,0.515,87.967,4
spotify:track:14msK75pk3pA33pzPVNtBF,"7 rings","7 rings","Ariana Grande",2019-01-18,178640,2,true,22vuuczgj6fzhb3ahyope7ozq,2024-03-02T04:02:03Z,"pop","Universal Records",0.725,0.321,1,-10.744,0,0.323,0.578,0,0.0884,0.319,70.142,4
spotify:track:2rPE9A1vEgShuZxxzR2tZH,"thank u, next","thank u, next","Ariana Grande",2018-11-03,207333,24,true,22vuuczgj6fzhb3ahyope7ozq,2024-03-02T04:02:23Z,"pop","Universal Records",0.724,0.647,1,-5.642,1,0.0658,0.28,0,0.102,0.435,106.96,4
spotify:track:0puf9yIluy9W0vpMEUoAnN,"Bang Bang","Sweet Talker (Deluxe Version)","Jessie J;Ariana Grande;Nicki Minaj",2014-10-10,199386,82,false,22vuuczgj6fzhb3ahyope7ozq,2024-03-02T04:02:38Z,"pop","Lava Music/Republic Records",0.706,0.786,0,-3.417,0,0.091,0.26,0,0.38,0.751,150.028,4
spotify:track:7xoUc6faLbCqZO6fQEYprd,"One Last Time","My Everything (Deluxe)","Ariana Grande",2014-08-22,197266,86,false,22vuuczgj6fzhb3ahyope7ozq,2024-03-02T04:02:59Z,"pop","Universal Records",0.628,0.593,8,-5.036,1,0.0323,0.093,0.00000165,0.096,0.104,125.025,4
spotify:track:250RLekaiL1q9qZer975Eg,"If We Were Vampires","The Nashville Sound","Jason Isbell and the 400 Unit",2017-06-16,215563,62,false,22vuuczgj6fzhb3ahyope7ozq,2024-03-02T12:35:05Z,"alt country,americana","Southeastern Records",0.629,0.208,5,-16.225,1,0.0324,0.824,0.0000037,0.107,0.685,96.609,4
spotify:track:2CSRrnOEELmhpq8iaAi9cd,"Blind","SOS","SZA",2022-12-09,150720,71,true,22vuuczgj6fzhb3ahyope7ozq,2024-03-11T12:08:25Z,"r&b","Top Dawg Entertainment/RCA Records",0.461,0.279,9,-11.776,0,0.0373,0.911,0,0.205,0.599,114.225,4
spotify:track:6G7URf5rGe6MvNoiTtNEP7,"The Downfall of Us All","Homesick","A Day To Remember",2009,209093,1,false,22vuuczgj6fzhb3ahyope7ozq,2024-03-19T20:58:59Z,"metalcore,post-hardcore,pop punk,screamo,emo","Victory",0.589,0.881,0,-4.62,1,0.0666,0.000256,0,0.327,0.709,129.95,4
spotify:track:02jCzgsSElP69X2i4Jv1ix,"The Hardest Love","The Hardest Love","Dean Lewis",2022-11-04,244108,51,false,22vuuczgj6fzhb3ahyope7ozq,2024-03-25T16:26:30Z,"","Universal Music Australia Pty. Ltd.",0.418,0.558,1,-7.001,1,0.0366,0.181,0.00000876,0.148,0.207,109.032,4
spotify:track:1A9gMkPaSbUPLrEbP56Fp5,"How Did You Get Here","Sometimes I Might Be Introvert","Little Simz",2021-09-03,296826,38,true,22vuuczgj6fzhb3ahyope7ozq,2024-03-27T17:34:31Z,"","AGE 101",0.574,0.61,11,-9.211,0,0.141,0.896,0.0000114,0.1,0.407,146.794,4
spotify:track:0trHOzAhNpGCsGBEu7dOJo,"N.Y. State of Mind","Illmatic","Nas",1994-04-19,294081,73,true,22vuuczgj6fzhb3ahyope7ozq,2024-04-12T15:22:31Z,"east coast hip hop,old school hip hop,hip hop","Columbia",0.665,0.91,6,-4.682,0,0.223,0.0394,0,0.227,0.887,84.099,4
spotify:track:07UFnnK3uPIuKv5Rs9TmXl,"Orange Juice","Stick Season","Noah Kahan",2022-10-14,297103,77,false,22vuuczgj6fzhb3ahyope7ozq,2024-04-12T19:32:22Z,"","Mercury Records/Republic Records",0.662,0.378,9,-10.908,1,0.0361,0.475,0.00000684,0.121,0.207,120.133,4
spotify:track:2sgRUvRB8dCGpqxmbOrsMO,"DEBI LLEVARTE FLORES","THE LIFE OF XULO","Young Cister;Taiko",2022-12-16,200572,52,true,22vuuczgj6fzhb3ahyope7ozq,2024-04-17T01:55:36Z,"chilean trap,reggaeton chileno,chilean mambo","Sony Music Entertainment Chile S.A",0.86,0.654,1,-4.639,1,0.0472,0.12,0.0000142,0.464,0.183,110.031,4
spotify:track:22WV03i2lBbwNVCE1g671p,"151 Rum","DiCaprio 2","JID",2018-11-26,156780,67,true,22vuuczgj6fzhb3ahyope7ozq,2024-04-20T16:38:04Z,"","J. Cole/ DreamVille",0.756,0.867,7,-3.626,1,0.162,0.155,0.00285,0.33,0.666,129.983,4
spotify:track:51ZQ1vr10ffzbwIjDCwqm4,"we can't be friends (wait for your love)","eternal sunshine","Ariana Grande",2024-03-08,228639,88,false,22vuuczgj6fzhb3ahyope7ozq,2024-05-11T18:20:42Z,"pop","Republic Records",0.645,0.646,5,-8.334,1,0.0427,0.0615,0.0000304,0.074,0.295,115.842,4
spotify:track:7136zBuda3024ZQUTBB1Vg,"Haven't You Ever Been In Love Before?","Broken By Desire To Be Heavenly Sent","Lewis Capaldi",2023-05-19,230533,58,false,22vuuczgj6fzhb3ahyope7ozq,2024-05-19T03:28:26Z,"soft pop","Vertigo Berlin",0.584,0.705,1,-3.626,1,0.0341,0.278,0,0.109,0.176,109.979,4
spotify:track:0EZqBZknFKby6dk41hfi2o,"FANTASMA | AVC","DATA","Tainy;JHAYCO",2023-06-29,285074,67,false,22vuuczgj6fzhb3ahyope7ozq,2024-06-02T23:14:43Z,"reggaeton,trap latino,urbano latino","NEON16, LLC",0.488,0.784,1,-2.822,1,0.0982,0.0277,0,0.0976,0.569,99.016,4
spotify:track:4hqJ4bSlYJOXb6Z4SRmzxs,"Long Live (Taylor's Version)","Speak Now (Taylor's Version)","Taylor Swift",2023-07-07,317960,69,false,22vuuczgj6fzhb3ahyope7ozq,2024-06-20T21:56:08Z,"","Taylor Swift",0.38,0.628,0,-4.054,1,0.038,0.0162,0,0.227,0.0984,203.826,4
spotify:track:2vdBo4ALPYbHRUPKgtE5iC,"ghostin","thank u, next","Ariana Grande",2019-02-08,271466,71,false,22vuuczgj6fzhb3ahyope7ozq,2024-06-28T19:28:34Z,"pop","Republic Records",0.29,0.364,9,-8.295,1,0.0293,0.418,0.0000189,0.185,0.11,103.684,4
spotify:track:6AI3ezQ4o3HUoP6Dhudph3,"Not Like Us","Not Like Us","Kendrick Lamar",2024-05-04,274192,88,true,22vuuczgj6fzhb3ahyope7ozq,2024-07-19T18:26:28Z,"hip hop,west coast hip hop","Kendrick Lamar, under exclusive license to Interscope Records",0.898,0.472,1,-7.001,1,0.0776,0.0107,0,0.141,0.214,101.061,4
spotify:track:5sp71CUt0jXRNqHblPGp7b,"ballad of a homeschooled girl","GUTS","Olivia Rodrigo",2023-09-08,203369,70,false,22vuuczgj6fzhb3ahyope7ozq,2024-08-06T22:45:30Z,"","Olivia Rodrigo PS",0.351,0.884,1,-3.452,1,0.074,0.0623,0,0.335,0.408,120.166,4
spotify:track:7GVQS66ukm48XZVymA3ZUg,"Midwest Indigo","Clancy","Twenty One Pilots",2024-05-24,196266,67,false,22vuuczgj6fzhb3ahyope7ozq,2024-09-10T23:27:02Z,"","Fueled By Ramen",0.611,0.802,8,-4.92,0,0.0591,0.176,0.00000145,0.314,0.577,116.062,4
spotify:track:6IG3sQ8s9nfk6TUlVzRhbN,"Is It Over Now? (Taylor's Version) (From The Vault)","1989 (Taylor's Version) [Deluxe]","Taylor Swift",2023-10-27,229477,62,false,22vuuczgj6fzhb3ahyope7ozq,2024-09-13T00:23:20Z,"","Taylor Swift",0.599,0.651,0,-7.343,1,0.035,0.0486,0,0.126,0.153,100.001,4
spotify:track:6gI9b2VsoWhjhIuIeToDVs,"Die Hard","Mr. Morale & The Big Steppers","Kendrick Lamar;Blxst;Amanda Reifer",2022-05-13,239026,1,true,22vuuczgj6fzhb3ahyope7ozq,2024-09-28T23:52:14Z,"hip hop,west coast hip hop","pgLang/Top Dawg Entertainment/Aftermath/Interscope Records",0.775,0.736,1,-8.072,0,0.247,0.319,0.00116,0.127,0.362,100.988,4
spotify:track:44M12pkcMqqdbNNooHCZ6C,"Come And Get It","Lifelines","I Prevail",2016-10-21,181426,60,true,22vuuczgj6fzhb3ahyope7ozq,2024-10-15T20:42:54Z,"metalcore,metal","Fearless Records",0.567,0.987,4,-4.069,1,0.0765,0.000133,0.0000238,0.371,0.383,107.974,4
spotify:track:1t2MQpMDtJT5VL2tAPHrGN,"Cowboys Cry Too (with Noah Kahan)","Cowboys Cry Too (with Noah Kahan)","Kelsea Ballerini;Noah Kahan",2024-06-28,230600,59,true,22vuuczgj6fzhb3ahyope7ozq,2024-10-16T23:27:46Z,"country,pop country","Black River Entertainment",0.442,0.603,11,-5.719,1,0.0304,0.602,0,0.161,0.456,86.494,4
spotify:track:6lNyT8TfnpMTRrmJRQKQC9,"Dancing Circles","Lahai","Sampha",2023-10-20,233640,48,false,22vuuczgj6fzhb3ahyope7ozq,2024-10-18T18:25:29Z,"indie soul","Young",0.88,0.325,7,-11.983,0,0.036,0.798,0.00112,0.0557,0.529,105.542,3
spotify:track:7oMwun7Y8xOxiARFoAyKm7,"The Document Speaks for Itself","Common Courtesy","A Day To Remember",2013-11-25,283817,0,true,22vuuczgj6fzhb3ahyope7ozq,2024-10-18T23:17:10Z,"metalcore,post-hardcore,pop punk,screamo,emo","ADTR Records",0.367,0.986,5,-4.504,0,0.284,0.000123,0,0.946,0.0697,155.058,4
spotify:track:7dI0mSvbdJTynUnEkWIom1,"Oldies Station","Clancy","Twenty One Pilots",2024-05-24,228000,64,false,22vuuczgj6fzhb3ahyope7ozq,2024-10-19T12:30:01Z,"","Fueled By Ramen",0.748,0.556,9,-7.122,1,0.0276,0.504,0.0000121,0.12,0.445,101.004,4
spotify:track:19ssnnZjVaD4F8u6naBQJM,"ESO NO ES DE GANGSTER","Los 4F: El Origen","LOS 4F;Young Cister;Kidd Voodoo;DrefQuila;Easykid;Nikxz;LACUEVA",2024-09-05,236296,44,false,22vuuczgj6fzhb3ahyope7ozq,2024-11-10T19:37:49Z,"reggaeton chileno,chilean trap,chilean mambo,argentine trap","LOS 4F",0.688,0.802,6,-6.629,1,0.0321,0.0024,0,0.0554,0.754,122.962,4
spotify:track:1vsQb8n0icvMsFnL9663LM,"Need Your Love (with Noah Kahan)","Gravity","Gryffin;Seven Lions;Noah Kahan",2019-10-24,205786,57,false,22vuuczgj6fzhb3ahyope7ozq,2024-11-25T17:41:23Z,"edm,melodic bass,future bass,chillstep,dubstep,techno,progressive trance","Darkroom/Geffen Records",0.581,0.76,0,-3.962,1,0.0406,0.16,0,0.183,0.523,104.099,4
spotify:track:5clFSlfkCRlhnH1cAQjSBi,"Sensacion Del Bloque","Reggaeton Rulers: Los Que Ponen","De La Ghetto;Randy",2006-01-01,182186,4,true,22vuuczgj6fzhb3ahyope7ozq,2024-12-13T15:02:59Z,"reggaeton,trap latino,urbano latino","Capitol Latin",0.709,0.726,7,-7.129,1,0.0411,0.0977,0,0.301,0.404,92.006,4
spotify:track:2mzM4Y0Rnx2BDZqRnhQ5Q6,"Free Mind","For Broken Ears","Tems",2020-09-25,247578,76,false,22vuuczgj6fzhb3ahyope7ozq,2025-02-21T03:45:05Z,"afrobeats,afro r&b,alté,afrobeat","Leading Vibe Ltd",0.562,0.463,6,-7.478,1,0.0787,0.442,0.000145,0.157,0.416,125.15,5
spotify:track:7I5wu59mks0fm5XH9QLSKM,"In Her Tomb By The Sounding Sea","The Emptiness","Alesana",2010-01-01,221226,39,false,22vuuczgj6fzhb3ahyope7ozq,2025-02-26T20:19:10Z,"post-hardcore,screamo,emo,metalcore","Fearless Records",0.359,0.965,0,-4.586,1,0.259,0.00227,0.0000054,0.257,0.258,180.276,4
spotify:track:732E6ibFkQR5lNIPEeiEnx,"Choker","Scaled And Icy","Twenty One Pilots",2021-05-21,223065,64,false,22vuuczgj6fzhb3ahyope7ozq,2025-03-14T19:53:47Z,"","Fueled By Ramen",0.7,0.664,7,-8.211,1,0.0394,0.306,0.0000189,0.249,0.585,142.009,4
spotify:track:21B4gaTWnTkuSh77iWEXdS,"Juno","Short n' Sweet","Sabrina Carpenter",2024-08-23,223192,84,true,22vuuczgj6fzhb3ahyope7ozq,2025-03-16T10:02:02Z,"pop","Island Records",0.633,0.725,5,-4.257,1,0.0427,0.0461,0,0.205,0.64,130.504,4
spotify:track:60v76pgmo7qSx0sgz0HzOc,"PUERTO ESCONDIDO","PLANES DE MEDIANOCHE","Young Cister;Morad",2024-01-25,208163,56,false,22vuuczgj6fzhb3ahyope7ozq,2025-03-17T14:17:28Z,"chilean trap,reggaeton chileno,chilean mambo","Sony Music Entertainment Chile S.A",0.796,0.642,3,-5.746,0,0.0766,0.167,0.000133,0.163,0.466,98.011,4
spotify:track:1l00qUHfmONY1jNaE2Ievs,"Miracle","Big Ole Album Vol. 1","A Day To Remember",2025-03-21,243977,63,true,22vuuczgj6fzhb3ahyope7ozq,2025-03-21T03:14:59Z,"metalcore,post-hardcore,pop punk,screamo,emo","Fueled By Ramen",0.463,0.917,7,-3.776,1,0.13,0.000266,0.000018,0.0872,0.369,160.028,4
spotify:track:5y6vRQJrzPveBmvysTE4UQ,"Satellite Business 2.0","Satellite Business 2.0","Sampha;Little Simz",2024-07-16,293377,40,false,22vuuczgj6fzhb3ahyope7ozq,2025-03-23T20:52:29Z,"indie soul","Young",0.675,0.749,7,-7.272,0,0.0489,0.0773,0.000211,0.0924,0.531,122.188,4
spotify:track:71iSmEeF0qRVyULABxP75P,"Shake It Out","Ceremonials (Original Deluxe Version)","Florence + The Machine",2011-01-01,277600,72,false,22vuuczgj6fzhb3ahyope7ozq,2025-03-26T13:30:44Z,"baroque pop","Universal-Island Records Ltd.",0.519,0.798,10,-4.204,1,0.0377,0.00864,0,0.107,0.212,107.509,4
spotify:track:3RBXNeUbe3X7ZBch00D2St,"Extraordinary Girl / Letterbomb","American Idiot","Green Day",2004-09-21,460000,51,true,22vuuczgj6fzhb3ahyope7ozq,2025-04-22T21:51:19Z,"punk,pop punk","Reprise",0.317,0.958,9,-4.051,1,0.0989,0.00089,0.000184,0.103,0.422,137.921,4
spotify:track:6jbYpRPTEFl1HFKHk1IC0m,"Like Him (feat. Lola Young)","CHROMAKOPIA","Tyler, The Creator;Lola Young",2024-10-28,278014,86,true,22vuuczgj6fzhb3ahyope7ozq,2025-09-09T14:49:52Z,"","Columbia",0.392,0.555,4,-6.707,0,0.039,0.287,0.000253,0.13,0.191,96.063,3
spotify:track:4QXdarIBu7JDxVTTF4FHWE,"LuisMi","LuisMi","Polimá Westcoast;Young Cister",2019-12-19,186337,39,true,22vuuczgj6fzhb3ahyope7ozq,2025-09-11T15:15:33Z,"chilean trap,reggaeton chileno,chilean mambo","Sony Music Entertainment Chile S.A",0.831,0.893,7,-3.402,1,0.054,0.298,0,0.0831,0.849,119.969,4
spotify:track:7bqGpPMULjlFGSc2VYuKVY,"The Hard Way","The Hard Way","PNAU;Khalid",2023-03-10,183925,19,false,22vuuczgj6fzhb3ahyope7ozq,2025-11-09T13:12:59Z,"","etcetc Music",0.689,0.907,0,-4.457,1,0.16,0.0721,0,0.296,0.646,119.958,4
